Ref,Val,Package,PosX,PosY,Rot,Side
"R1","10K","R_1206_3216Metric",157.300000,-119.650000,180.000000,top
"R2","10K","R_1206_3216Metric",157.300000,-124.500000,180.000000,top
